{"cameraMode":{"drawMode":0,"name":"Shaded","section":"Shading Mode"},"sceneLighting":true,"audioPlay":false,"sceneViewState":{"showFog":true,"showMaterialUpdate":false,"showSkybox":true,"showFlares":true,"showImageEffects":true,"showParticleSystems":true,"showVisualEffectGraphs":true,"m_FxEnabled":true},"in2DMode":false,"pivot":{"x":-3.9085400104522707,"y":11.450379371643067,"z":15.288171768188477},"rotation":{"x":0.059663694351911548,"y":0.9202018976211548,"z":-0.15495367348194123,"w":0.3545847535133362},"size":13.452095031738282,"orthographic":false}